{"total_requests": 10, "total_tokens": 5302, "total_cost_usd": 0.0015909000000000001, "by_model": {"gpt-4o-mini": {"requests": 10, "tokens": 5302, "cost": 0.0015909000000000001}}}